{
  "mean_ndvi": 0.2647817245148008,
  "mean_ndwi": -0.16311209971036458,
  "std_ndvi": 0.42421084388714875,
  "std_ndwi": 0.4701942250760715,
  "bounds": [
    76.35,
    9.8,
    76.7,
    10.1
  ],
  "crs": "EPSG:32643",
  "observation_date": "2018-09-11T05:06:49.024000+00:00"
}